Year,Quarter,import_value_aed,reported_weight_ton,regions,weight_rows_flagged
2017,1,1450092878.1518002,233292.87213899998,5,0
2017,2,1503153929.9622,245116.64101999998,5,0
2017,3,1466047439.6437,236313.53521500004,5,0
2017,4,1467295241.0492,251651.169459,5,0
2018,1,1620189058.0082,219725.5790002,6,0
2018,2,1376513682.7177,216574.02899800002,6,0
2018,3,1352172859.297,247992.402185,6,0
2018,4,1366331826.7599,380537.180858,6,0
2019,1,1611955326.1115,214955.38562,6,0
2019,2,1655402198.3082001,200596.97529,6,0
2019,3,1658234139.0676,215033.72821,6,0
2019,4,1622881437.8858,215083.43829000002,6,0
2020,1,1719298561.2658,201987.49303,6,0
2020,2,1469718452.5883,185438.25251,6,0
2020,3,1431218924.3559,177273.22987,6,0
2020,4,1796134544.1447,251423.29473000002,6,0
2021,1,2104595008.633,329300.2088999999,6,0
2021,2,2139840141.0444002,283496.44043,6,0
2021,3,2362205696.2847,345936.75364999997,6,0
2021,4,2275985112.1257,588829.9939800001,6,0
2022,1,2562864130.9441004,342432.553716,7,0
2022,2,2988142867.21,379188.58683,7,0
2022,3,3114933200.99,339153.41899000003,7,0
2022,4,3053266260.8399997,370133.61149,7,0
2023,1,3393374935.96,336457154.12,6,4
2023,2,4552834135.110001,366132495.9,7,4
2023,3,4538507118.12,396985952.45,7,4
2023,4,4913469883.37,462313023.26,6,4
2024,1,4427874637.71,422670141.29,6,4
2024,2,4408891362.17,429967352.9,7,4
2024,3,4198650818.8799996,428971477.6,6,4
2024,4,4083537715.47,361132828.21999997,7,4
2025,1,3783212179.57,343725.56991,6,0
2025,2,4190251574.9199996,373396.85795999994,7,0
2025,3,4707665450.570001,406150.63538000005,7,0
2025,4,4992096230.549999,450647.26698,7,0
